ID,SEX,AGEGRP,IMPRACE,Asian,Black,Latino,Native American,Other,White,RESPOP
1M1,M,1,1,0,0,0,0,0,1,19940
1M2,M,1,2,0,1,0,0,0,0,7340
1M3,M,1,3,0,0,0,1,0,0,366
1M4,M,1,4,1,0,0,0,0,0,3087
1M5,M,1,5,0,0,0,0,1,0,18
1M6,M,1,6,0,0,0,0,0,0,1301
1M7,M,1,7,0,0,0,1,0,1,191
1M8,M,1,8,1,0,0,0,0,1,814
1M9,M,1,9,0,0,0,0,1,1,11
1M10,M,1,10,0,1,0,1,0,0,121
1M11,M,1,11,1,1,0,0,0,0,69
1M12,M,1,12,0,1,0,0,1,0,11
1M13,M,1,13,1,0,0,1,0,0,14
1M14,M,1,14,0,0,0,1,1,0,1
1M15,M,1,15,1,0,0,0,1,0,9
1M16,M,1,16,0,1,0,1,0,1,172
1M17,M,1,17,1,1,0,0,0,1,56
1M18,M,1,18,0,1,0,0,1,1,3
1M19,M,1,19,0,0,0,1,0,1,14
1M20,M,1,20,0,0,0,1,1,1,1
1M21,M,1,21,1,0,0,0,1,1,11
1M23,M,1,23,0,1,0,1,1,0,1
1M24,M,1,24,1,1,0,0,1,0,3
1M26,M,1,26,1,1,0,1,0,1,11
1M27,M,1,27,0,1,0,1,1,1,2
1M29,M,1,29,1,0,0,1,1,1,1
1M31,M,1,31,1,1,0,1,1,1,1
2M1,M,2,1,0,0,0,0,0,1,20075
2M2,M,2,2,0,1,0,0,0,0,6619
2M3,M,2,3,0,0,0,1,0,0,318
2M4,M,2,4,1,0,0,0,0,0,2833
2M5,M,2,5,0,0,0,0,1,0,17
2M6,M,2,6,0,0,0,0,0,0,1118
2M7,M,2,7,0,0,0,1,0,1,181
2M8,M,2,8,1,0,0,0,0,1,640
2M9,M,2,9,0,0,0,0,1,1,20
2M10,M,2,10,0,1,0,1,0,0,86
2M11,M,2,11,1,1,0,0,0,0,72
2M12,M,2,12,0,1,0,0,1,0,7
2M13,M,2,13,1,0,0,1,0,0,6
2M14,M,2,14,0,0,0,1,1,0,1
2M15,M,2,15,1,0,0,0,1,0,4
2M16,M,2,16,0,1,0,1,0,1,152
2M17,M,2,17,1,1,0,0,0,1,41
2M18,M,2,18,0,1,0,0,1,1,4
2M19,M,2,19,0,0,0,1,0,1,2
2M20,M,2,20,0,0,0,1,1,1,1
2M21,M,2,21,1,0,0,0,1,1,6
2M22,M,2,22,1,1,0,1,0,0,3
2M23,M,2,23,0,1,0,1,1,0,3
2M24,M,2,24,1,1,0,0,1,0,1
2M26,M,2,26,1,1,0,1,0,1,12
2M27,M,2,27,0,1,0,1,1,1,2
2M28,M,2,28,1,1,0,0,1,1,1
2M31,M,2,31,1,1,0,1,1,1,1
3M1,M,3,1,0,0,0,0,0,1,21457
3M2,M,3,2,0,1,0,0,0,0,5820
3M3,M,3,3,0,0,0,1,0,0,338
3M4,M,3,4,1,0,0,0,0,0,2497
3M5,M,3,5,0,0,0,0,1,0,14
3M6,M,3,6,0,0,0,0,0,0,924
3M7,M,3,7,0,0,0,1,0,1,151
3M8,M,3,8,1,0,0,0,0,1,423
3M9,M,3,9,0,0,0,0,1,1,10
3M10,M,3,10,0,1,0,1,0,0,86
3M11,M,3,11,1,1,0,0,0,0,40
3M12,M,3,12,0,1,0,0,1,0,11
3M13,M,3,13,1,0,0,1,0,0,15
3M14,M,3,14,0,0,0,1,1,0,1
3M15,M,3,15,1,0,0,0,1,0,9
3M16,M,3,16,0,1,0,1,0,1,159
3M17,M,3,17,1,1,0,0,0,1,19
3M19,M,3,19,0,0,0,1,0,1,4
3M20,M,3,20,0,0,0,1,1,1,1
3M21,M,3,21,1,0,0,0,1,1,5
3M22,M,3,22,1,1,0,1,0,0,2
3M23,M,3,23,0,1,0,1,1,0,1
3M24,M,3,24,1,1,0,0,1,0,2
3M26,M,3,26,1,1,0,1,0,1,2
3M28,M,3,28,1,1,0,0,1,1,1
4M1,M,4,1,0,0,0,0,0,1,22719
4M2,M,4,2,0,1,0,0,0,0,6070
4M3,M,4,3,0,0,0,1,0,0,393
4M4,M,4,4,1,0,0,0,0,0,2973
4M5,M,4,5,0,0,0,0,1,0,17
4M6,M,4,6,0,0,0,0,0,0,782
4M7,M,4,7,0,0,0,1,0,1,173
4M8,M,4,8,1,0,0,0,0,1,366
4M9,M,4,9,0,0,0,0,1,1,17
4M10,M,4,10,0,1,0,1,0,0,91
4M11,M,4,11,1,1,0,0,0,0,46
4M12,M,4,12,0,1,0,0,1,0,5
4M13,M,4,13,1,0,0,1,0,0,12
4M14,M,4,14,0,0,0,1,1,0,1
4M15,M,4,15,1,0,0,0,1,0,11
4M16,M,4,16,0,1,0,1,0,1,126
4M17,M,4,17,1,1,0,0,0,1,12
4M18,M,4,18,0,1,0,0,1,1,2
4M19,M,4,19,0,0,0,1,0,1,9
4M21,M,4,21,1,0,0,0,1,1,5
4M24,M,4,24,1,1,0,0,1,0,2
4M26,M,4,26,1,1,0,1,0,1,5
5M1,M,5,1,0,0,0,0,0,1,27377
5M2,M,5,2,0,1,0,0,0,0,5430
5M3,M,5,3,0,0,0,1,0,0,393
5M4,M,5,4,1,0,0,0,0,0,3526
5M5,M,5,5,0,0,0,0,1,0,21
5M6,M,5,6,0,0,0,0,0,0,488
5M7,M,5,7,0,0,0,1,0,1,188
5M8,M,5,8,1,0,0,0,0,1,298
5M9,M,5,9,0,0,0,0,1,1,11
5M10,M,5,10,0,1,0,1,0,0,55
5M11,M,5,11,1,1,0,0,0,0,21
5M12,M,5,12,0,1,0,0,1,0,6
5M13,M,5,13,1,0,0,1,0,0,3
5M15,M,5,15,1,0,0,0,1,0,16
5M16,M,5,16,0,1,0,1,0,1,70
5M17,M,5,17,1,1,0,0,0,1,12
5M18,M,5,18,0,1,0,0,1,1,2
5M19,M,5,19,0,0,0,1,0,1,2
5M21,M,5,21,1,0,0,0,1,1,8
5M22,M,5,22,1,1,0,1,0,0,1
5M26,M,5,26,1,1,0,1,0,1,2
5M31,M,5,31,1,1,0,1,1,1,1
6M1,M,6,1,0,0,0,0,0,1,34242
6M2,M,6,2,0,1,0,0,0,0,5399
6M3,M,6,3,0,0,0,1,0,0,328
6M4,M,6,4,1,0,0,0,0,0,4195
6M5,M,6,5,0,0,0,0,1,0,33
6M6,M,6,6,0,0,0,0,0,0,344
6M7,M,6,7,0,0,0,1,0,1,189
6M8,M,6,8,1,0,0,0,0,1,317
6M9,M,6,9,0,0,0,0,1,1,15
6M10,M,6,10,0,1,0,1,0,0,55
6M11,M,6,11,1,1,0,0,0,0,17
6M12,M,6,12,0,1,0,0,1,0,5
6M13,M,6,13,1,0,0,1,0,0,7
6M15,M,6,15,1,0,0,0,1,0,18
6M16,M,6,16,0,1,0,1,0,1,51
6M17,M,6,17,1,1,0,0,0,1,17
6M18,M,6,18,0,1,0,0,1,1,1
6M19,M,6,19,0,0,0,1,0,1,3
6M21,M,6,21,1,0,0,0,1,1,4
6M22,M,6,22,1,1,0,1,0,0,2
6M24,M,6,24,1,1,0,0,1,0,1
6M27,M,6,27,0,1,0,1,1,1,1
6M28,M,6,28,1,1,0,0,1,1,3
6M31,M,6,31,1,1,0,1,1,1,5
7M1,M,7,1,0,0,0,0,0,1,29330
7M2,M,7,2,0,1,0,0,0,0,5050
7M3,M,7,3,0,0,0,1,0,0,291
7M4,M,7,4,1,0,0,0,0,0,3682
7M5,M,7,5,0,0,0,0,1,0,16
7M6,M,7,6,0,0,0,0,0,0,276
7M7,M,7,7,0,0,0,1,0,1,151
7M8,M,7,8,1,0,0,0,0,1,230
7M9,M,7,9,0,0,0,0,1,1,11
7M10,M,7,10,0,1,0,1,0,0,38
7M11,M,7,11,1,1,0,0,0,0,23
7M12,M,7,12,0,1,0,0,1,0,3
7M13,M,7,13,1,0,0,1,0,0,6
7M15,M,7,15,1,0,0,0,1,0,9
7M16,M,7,16,0,1,0,1,0,1,45
7M17,M,7,17,1,1,0,0,0,1,4
7M18,M,7,18,0,1,0,0,1,1,1
7M19,M,7,19,0,0,0,1,0,1,3
7M21,M,7,21,1,0,0,0,1,1,4
7M22,M,7,22,1,1,0,1,0,0,2
7M24,M,7,24,1,1,0,0,1,0,2
7M25,M,7,25,1,0,0,1,1,0,1
7M26,M,7,26,1,1,0,1,0,1,1
8M1,M,8,1,0,0,0,0,0,1,26031
8M2,M,8,2,0,1,0,0,0,0,4743
8M3,M,8,3,0,0,0,1,0,0,248
8M4,M,8,4,1,0,0,0,0,0,3216
8M5,M,8,5,0,0,0,0,1,0,15
8M6,M,8,6,0,0,0,0,0,0,186
8M7,M,8,7,0,0,0,1,0,1,129
8M8,M,8,8,1,0,0,0,0,1,163
8M9,M,8,9,0,0,0,0,1,1,9
8M10,M,8,10,0,1,0,1,0,0,34
8M11,M,8,11,1,1,0,0,0,0,15
8M12,M,8,12,0,1,0,0,1,0,6
8M13,M,8,13,1,0,0,1,0,0,4
8M15,M,8,15,1,0,0,0,1,0,8
8M16,M,8,16,0,1,0,1,0,1,43
8M17,M,8,17,1,1,0,0,0,1,3
8M21,M,8,21,1,0,0,0,1,1,5
8M24,M,8,24,1,1,0,0,1,0,3
8M26,M,8,26,1,1,0,1,0,1,1
9M1,M,9,1,0,0,0,0,0,1,28665
9M2,M,9,2,0,1,0,0,0,0,4709
9M3,M,9,3,0,0,0,1,0,0,283
9M4,M,9,4,1,0,0,0,0,0,2405
9M5,M,9,5,0,0,0,0,1,0,16
9M6,M,9,6,0,0,0,0,0,0,147
9M7,M,9,7,0,0,0,1,0,1,137
9M8,M,9,8,1,0,0,0,0,1,88
9M9,M,9,9,0,0,0,0,1,1,4
9M10,M,9,10,0,1,0,1,0,0,32
9M11,M,9,11,1,1,0,0,0,0,9
9M12,M,9,12,0,1,0,0,1,0,8
9M13,M,9,13,1,0,0,1,0,0,7
9M15,M,9,15,1,0,0,0,1,0,6
9M16,M,9,16,0,1,0,1,0,1,26
9M17,M,9,17,1,1,0,0,0,1,1
9M19,M,9,19,0,0,0,1,0,1,2
9M21,M,9,21,1,0,0,0,1,1,1
9M22,M,9,22,1,1,0,1,0,0,1
9M26,M,9,26,1,1,0,1,0,1,6
9M31,M,9,31,1,1,0,1,1,1,2
10M1,M,10,1,0,0,0,0,0,1,33932
10M2,M,10,2,0,1,0,0,0,0,4426
10M3,M,10,3,0,0,0,1,0,0,330
10M4,M,10,4,1,0,0,0,0,0,1960
10M5,M,10,5,0,0,0,0,1,0,19
10M6,M,10,6,0,0,0,0,0,0,82
10M7,M,10,7,0,0,0,1,0,1,110
10M8,M,10,8,1,0,0,0,0,1,85
10M9,M,10,9,0,0,0,0,1,1,11
10M10,M,10,10,0,1,0,1,0,0,51
10M11,M,10,11,1,1,0,0,0,0,16
10M12,M,10,12,0,1,0,0,1,0,8
10M13,M,10,13,1,0,0,1,0,0,4
10M14,M,10,14,0,0,0,1,1,0,1
10M15,M,10,15,1,0,0,0,1,0,7
10M16,M,10,16,0,1,0,1,0,1,33
10M17,M,10,17,1,1,0,0,0,1,4
10M21,M,10,21,1,0,0,0,1,1,2
10M23,M,10,23,0,1,0,1,1,0,1
10M24,M,10,24,1,1,0,0,1,0,1
10M26,M,10,26,1,1,0,1,0,1,2
10M31,M,10,31,1,1,0,1,1,1,1
11M1,M,11,1,0,0,0,0,0,1,34760
11M2,M,11,2,0,1,0,0,0,0,3861
11M3,M,11,3,0,0,0,1,0,0,273
11M4,M,11,4,1,0,0,0,0,0,1432
11M5,M,11,5,0,0,0,0,1,0,26
11M6,M,11,6,0,0,0,0,0,0,53
11M7,M,11,7,0,0,0,1,0,1,125
11M8,M,11,8,1,0,0,0,0,1,79
11M9,M,11,9,0,0,0,0,1,1,10
11M10,M,11,10,0,1,0,1,0,0,45
11M11,M,11,11,1,1,0,0,0,0,9
11M12,M,11,12,0,1,0,0,1,0,5
11M13,M,11,13,1,0,0,1,0,0,2
11M15,M,11,15,1,0,0,0,1,0,8
11M16,M,11,16,0,1,0,1,0,1,32
11M17,M,11,17,1,1,0,0,0,1,1
11M19,M,11,19,0,0,0,1,0,1,1
11M21,M,11,21,1,0,0,0,1,1,4
11M22,M,11,22,1,1,0,1,0,0,1
11M23,M,11,23,0,1,0,1,1,0,1
12M1,M,12,1,0,0,0,0,0,1,31286
12M2,M,12,2,0,1,0,0,0,0,2746
12M3,M,12,3,0,0,0,1,0,0,223
12M4,M,12,4,1,0,0,0,0,0,1145
12M5,M,12,5,0,0,0,0,1,0,8
12M6,M,12,6,0,0,0,0,0,0,30
12M7,M,12,7,0,0,0,1,0,1,83
12M8,M,12,8,1,0,0,0,0,1,51
12M9,M,12,9,0,0,0,0,1,1,3
12M10,M,12,10,0,1,0,1,0,0,36
12M11,M,12,11,1,1,0,0,0,0,4
12M13,M,12,13,1,0,0,1,0,0,1
12M15,M,12,15,1,0,0,0,1,0,4
12M16,M,12,16,0,1,0,1,0,1,28
12M17,M,12,17,1,1,0,0,0,1,1
12M19,M,12,19,0,0,0,1,0,1,1
12M26,M,12,26,1,1,0,1,0,1,2
12M31,M,12,31,1,1,0,1,1,1,1
13M1,M,13,1,0,0,0,0,0,1,24659
13M2,M,13,2,0,1,0,0,0,0,1826
13M3,M,13,3,0,0,0,1,0,0,147
13M4,M,13,4,1,0,0,0,0,0,883
13M5,M,13,5,0,0,0,0,1,0,4
13M6,M,13,6,0,0,0,0,0,0,20
13M7,M,13,7,0,0,0,1,0,1,67
13M8,M,13,8,1,0,0,0,0,1,24
13M9,M,13,9,0,0,0,0,1,1,5
13M10,M,13,10,0,1,0,1,0,0,23
13M11,M,13,11,1,1,0,0,0,0,7
13M12,M,13,12,0,1,0,0,1,0,3
13M13,M,13,13,1,0,0,1,0,0,3
13M15,M,13,15,1,0,0,0,1,0,1
13M16,M,13,16,0,1,0,1,0,1,10
13M17,M,13,17,1,1,0,0,0,1,1
14M1,M,14,1,0,0,0,0,0,1,15892
14M2,M,14,2,0,1,0,0,0,0,1080
14M3,M,14,3,0,0,0,1,0,0,71
14M4,M,14,4,1,0,0,0,0,0,598
14M5,M,14,5,0,0,0,0,1,0,5
14M6,M,14,6,0,0,0,0,0,0,9
14M7,M,14,7,0,0,0,1,0,1,33
14M8,M,14,8,1,0,0,0,0,1,15
14M9,M,14,9,0,0,0,0,1,1,1
14M10,M,14,10,0,1,0,1,0,0,6
14M11,M,14,11,1,1,0,0,0,0,5
14M12,M,14,12,0,1,0,0,1,0,2
14M13,M,14,13,1,0,0,1,0,0,3
14M14,M,14,14,0,0,0,1,1,0,1
14M15,M,14,15,1,0,0,0,1,0,4
14M16,M,14,16,0,1,0,1,0,1,9
15M1,M,15,1,0,0,0,0,0,1,11015
15M2,M,15,2,0,1,0,0,0,0,691
15M3,M,15,3,0,0,0,1,0,0,66
15M4,M,15,4,1,0,0,0,0,0,418
15M5,M,15,5,0,0,0,0,1,0,1
15M6,M,15,6,0,0,0,0,0,0,8
15M7,M,15,7,0,0,0,1,0,1,13
15M8,M,15,8,1,0,0,0,0,1,8
15M9,M,15,9,0,0,0,0,1,1,1
15M10,M,15,10,0,1,0,1,0,0,4
15M11,M,15,11,1,1,0,0,0,0,7
15M15,M,15,15,1,0,0,0,1,0,4
15M16,M,15,16,0,1,0,1,0,1,6
16M1,M,16,1,0,0,0,0,0,1,8719
16M2,M,16,2,0,1,0,0,0,0,459
16M3,M,16,3,0,0,0,1,0,0,28
16M4,M,16,4,1,0,0,0,0,0,294
16M5,M,16,5,0,0,0,0,1,0,1
16M6,M,16,6,0,0,0,0,0,0,4
16M7,M,16,7,0,0,0,1,0,1,14
16M8,M,16,8,1,0,0,0,0,1,4
16M10,M,16,10,0,1,0,1,0,0,2
16M16,M,16,16,0,1,0,1,0,1,4
17M1,M,17,1,0,0,0,0,0,1,7256
17M2,M,17,2,0,1,0,0,0,0,271
17M3,M,17,3,0,0,0,1,0,0,16
17M4,M,17,4,1,0,0,0,0,0,162
17M5,M,17,5,0,0,0,0,1,0,1
17M6,M,17,6,0,0,0,0,0,0,7
17M7,M,17,7,0,0,0,1,0,1,7
17M8,M,17,8,1,0,0,0,0,1,3
17M9,M,17,9,0,0,0,0,1,1,1
17M10,M,17,10,0,1,0,1,0,0,3
17M11,M,17,11,1,1,0,0,0,0,2
17M13,M,17,13,1,0,0,1,0,0,2
17M16,M,17,16,0,1,0,1,0,1,1
17M19,M,17,19,0,0,0,1,0,1,2
18M1,M,18,1,0,0,0,0,0,1,6703
18M2,M,18,2,0,1,0,0,0,0,189
18M3,M,18,3,0,0,0,1,0,0,8
18M4,M,18,4,1,0,0,0,0,0,122
18M6,M,18,6,0,0,0,0,0,0,3
18M7,M,18,7,0,0,0,1,0,1,6
18M8,M,18,8,1,0,0,0,0,1,2
18M9,M,18,9,0,0,0,0,1,1,1
18M10,M,18,10,0,1,0,1,0,0,2
18M12,M,18,12,0,1,0,0,1,0,1
18M13,M,18,13,1,0,0,1,0,0,2
18M15,M,18,15,1,0,0,0,1,0,1
18M16,M,18,16,0,1,0,1,0,1,1
1M1,M,1,1,0,0,1,0,0,1,4091
1M2,M,1,2,0,1,1,0,0,0,273
1M3,M,1,3,0,0,1,1,0,0,384
1M4,M,1,4,1,0,1,0,0,0,60
1M5,M,1,5,0,0,1,0,1,0,20
1M6,M,1,6,0,0,1,0,0,0,134
1M7,M,1,7,0,0,1,1,0,1,111
1M8,M,1,8,1,0,1,0,0,1,39
1M9,M,1,9,0,0,1,0,1,1,5
1M10,M,1,10,0,1,1,1,0,0,21
1M11,M,1,11,1,1,1,0,0,0,2
1M12,M,1,12,0,1,1,0,1,0,2
1M13,M,1,13,1,0,1,1,0,0,6
1M14,M,1,14,0,0,1,1,1,0,1
1M16,M,1,16,0,1,1,1,0,1,62
1M17,M,1,17,1,1,1,0,0,1,1
1M19,M,1,19,0,0,1,1,0,1,1
1M20,M,1,20,0,0,1,1,1,1,1
1M26,M,1,26,1,1,1,1,0,1,3
1M27,M,1,27,0,1,1,1,1,1,2
1M31,M,1,31,1,1,1,1,1,1,1
2M1,M,2,1,0,0,1,0,0,1,3566
2M2,M,2,2,0,1,1,0,0,0,210
2M3,M,2,3,0,0,1,1,0,0,330
2M4,M,2,4,1,0,1,0,0,0,43
2M5,M,2,5,0,0,1,0,1,0,23
2M6,M,2,6,0,0,1,0,0,0,124
2M7,M,2,7,0,0,1,1,0,1,107
2M8,M,2,8,1,0,1,0,0,1,31
2M9,M,2,9,0,0,1,0,1,1,2
2M10,M,2,10,0,1,1,1,0,0,15
2M11,M,2,11,1,1,1,0,0,0,4
2M13,M,2,13,1,0,1,1,0,0,4
2M15,M,2,15,1,0,1,0,1,0,3
2M16,M,2,16,0,1,1,1,0,1,34
2M17,M,2,17,1,1,1,0,0,1,2
2M25,M,2,25,1,0,1,1,1,0,1
2M26,M,2,26,1,1,1,1,0,1,1
2M27,M,2,27,0,1,1,1,1,1,4
2M31,M,2,31,1,1,1,1,1,1,1
3M1,M,3,1,0,0,1,0,0,1,2669
3M2,M,3,2,0,1,1,0,0,0,177
3M3,M,3,3,0,0,1,1,0,0,247
3M4,M,3,4,1,0,1,0,0,0,40
3M5,M,3,5,0,0,1,0,1,0,16
3M6,M,3,6,0,0,1,0,0,0,100
3M7,M,3,7,0,0,1,1,0,1,71
3M8,M,3,8,1,0,1,0,0,1,26
3M9,M,3,9,0,0,1,0,1,1,5
3M10,M,3,10,0,1,1,1,0,0,15
3M11,M,3,11,1,1,1,0,0,0,1
3M13,M,3,13,1,0,1,1,0,0,3
3M15,M,3,15,1,0,1,0,1,0,3
3M16,M,3,16,0,1,1,1,0,1,25
3M17,M,3,17,1,1,1,0,0,1,1
3M18,M,3,18,0,1,1,0,1,1,1
3M19,M,3,19,0,0,1,1,0,1,1
3M20,M,3,20,0,0,1,1,1,1,1
3M27,M,3,27,0,1,1,1,1,1,1
3M29,M,3,29,1,0,1,1,1,1,1
4M1,M,4,1,0,0,1,0,0,1,2491
4M2,M,4,2,0,1,1,0,0,0,202
4M3,M,4,3,0,0,1,1,0,0,208
4M4,M,4,4,1,0,1,0,0,0,39
4M5,M,4,5,0,0,1,0,1,0,18
4M6,M,4,6,0,0,1,0,0,0,73
4M7,M,4,7,0,0,1,1,0,1,58
4M8,M,4,8,1,0,1,0,0,1,18
4M9,M,4,9,0,0,1,0,1,1,4
4M10,M,4,10,0,1,1,1,0,0,12
4M11,M,4,11,1,1,1,0,0,0,1
4M13,M,4,13,1,0,1,1,0,0,1
4M15,M,4,15,1,0,1,0,1,0,2
4M16,M,4,16,0,1,1,1,0,1,13
4M17,M,4,17,1,1,1,0,0,1,2
4M19,M,4,19,0,0,1,1,0,1,1
4M20,M,4,20,0,0,1,1,1,1,2
4M21,M,4,21,1,0,1,0,1,1,1
4M24,M,4,24,1,1,1,0,1,0,1
4M28,M,4,28,1,1,1,0,1,1,1
4M31,M,4,31,1,1,1,1,1,1,2
5M1,M,5,1,0,0,1,0,0,1,3099
5M2,M,5,2,0,1,1,0,0,0,214
5M3,M,5,3,0,0,1,1,0,0,243
5M4,M,5,4,1,0,1,0,0,0,49
5M5,M,5,5,0,0,1,0,1,0,10
5M6,M,5,6,0,0,1,0,0,0,51
5M7,M,5,7,0,0,1,1,0,1,45
5M8,M,5,8,1,0,1,0,0,1,21
5M9,M,5,9,0,0,1,0,1,1,5
5M10,M,5,10,0,1,1,1,0,0,4
5M11,M,5,11,1,1,1,0,0,0,1
5M12,M,5,12,0,1,1,0,1,0,1
5M13,M,5,13,1,0,1,1,0,0,1
5M14,M,5,14,0,0,1,1,1,0,1
5M15,M,5,15,1,0,1,0,1,0,1
5M16,M,5,16,0,1,1,1,0,1,10
5M20,M,5,20,0,0,1,1,1,1,1
5M21,M,5,21,1,0,1,0,1,1,3
5M24,M,5,24,1,1,1,0,1,0,2
5M29,M,5,29,1,0,1,1,1,1,1
6M1,M,6,1,0,0,1,0,0,1,3982
6M2,M,6,2,0,1,1,0,0,0,208
6M3,M,6,3,0,0,1,1,0,0,307
6M4,M,6,4,1,0,1,0,0,0,50
6M5,M,6,5,0,0,1,0,1,0,16
6M6,M,6,6,0,0,1,0,0,0,46
6M7,M,6,7,0,0,1,1,0,1,77
6M8,M,6,8,1,0,1,0,0,1,19
6M9,M,6,9,0,0,1,0,1,1,3
6M10,M,6,10,0,1,1,1,0,0,7
6M11,M,6,11,1,1,1,0,0,0,1
6M12,M,6,12,0,1,1,0,1,0,1
6M13,M,6,13,1,0,1,1,0,0,2
6M15,M,6,15,1,0,1,0,1,0,1
6M16,M,6,16,0,1,1,1,0,1,22
6M17,M,6,17,1,1,1,0,0,1,2
6M19,M,6,19,0,0,1,1,0,1,1
6M20,M,6,20,0,0,1,1,1,1,1
6M26,M,6,26,1,1,1,1,0,1,2
6M28,M,6,28,1,1,1,0,1,1,1
6M31,M,6,31,1,1,1,1,1,1,2
7M1,M,7,1,0,0,1,0,0,1,3962
7M2,M,7,2,0,1,1,0,0,0,228
7M3,M,7,3,0,0,1,1,0,0,321
7M4,M,7,4,1,0,1,0,0,0,41
7M5,M,7,5,0,0,1,0,1,0,19
7M6,M,7,6,0,0,1,0,0,0,67
7M7,M,7,7,0,0,1,1,0,1,73
7M8,M,7,8,1,0,1,0,0,1,16
7M9,M,7,9,0,0,1,0,1,1,6
7M10,M,7,10,0,1,1,1,0,0,7
7M11,M,7,11,1,1,1,0,0,0,1
7M14,M,7,14,0,0,1,1,1,0,1
7M15,M,7,15,1,0,1,0,1,0,6
7M16,M,7,16,0,1,1,1,0,1,14
7M19,M,7,19,0,0,1,1,0,1,1
7M23,M,7,23,0,1,1,1,1,0,1
7M26,M,7,26,1,1,1,1,0,1,2
7M27,M,7,27,0,1,1,1,1,1,1
7M28,M,7,28,1,1,1,0,1,1,1
8M1,M,8,1,0,0,1,0,0,1,3279
8M2,M,8,2,0,1,1,0,0,0,174
8M3,M,8,3,0,0,1,1,0,0,219
8M4,M,8,4,1,0,1,0,0,0,40
8M5,M,8,5,0,0,1,0,1,0,17
8M6,M,8,6,0,0,1,0,0,0,48
8M7,M,8,7,0,0,1,1,0,1,38
8M8,M,8,8,1,0,1,0,0,1,16
8M9,M,8,9,0,0,1,0,1,1,2
8M10,M,8,10,0,1,1,1,0,0,5
8M16,M,8,16,0,1,1,1,0,1,17
8M19,M,8,19,0,0,1,1,0,1,1
9M1,M,9,1,0,0,1,0,0,1,2239
9M2,M,9,2,0,1,1,0,0,0,133
9M3,M,9,3,0,0,1,1,0,0,155
9M4,M,9,4,1,0,1,0,0,0,33
9M5,M,9,5,0,0,1,0,1,0,14
9M6,M,9,6,0,0,1,0,0,0,21
9M7,M,9,7,0,0,1,1,0,1,37
9M8,M,9,8,1,0,1,0,0,1,11
9M9,M,9,9,0,0,1,0,1,1,2
9M10,M,9,10,0,1,1,1,0,0,2
9M12,M,9,12,0,1,1,0,1,0,2
9M13,M,9,13,1,0,1,1,0,0,2
9M14,M,9,14,0,0,1,1,1,0,2
9M15,M,9,15,1,0,1,0,1,0,1
9M16,M,9,16,0,1,1,1,0,1,11
9M17,M,9,17,1,1,1,0,0,1,1
9M26,M,9,26,1,1,1,1,0,1,1
10M1,M,10,1,0,0,1,0,0,1,1647
10M2,M,10,2,0,1,1,0,0,0,108
10M3,M,10,3,0,0,1,1,0,0,91
10M4,M,10,4,1,0,1,0,0,0,20
10M5,M,10,5,0,0,1,0,1,0,9
10M6,M,10,6,0,0,1,0,0,0,15
10M7,M,10,7,0,0,1,1,0,1,37
10M8,M,10,8,1,0,1,0,0,1,9
10M10,M,10,10,0,1,1,1,0,0,4
10M11,M,10,11,1,1,1,0,0,0,2
10M12,M,10,12,0,1,1,0,1,0,1
10M14,M,10,14,0,0,1,1,1,0,1
10M16,M,10,16,0,1,1,1,0,1,11
10M21,M,10,21,1,0,1,0,1,1,2
10M31,M,10,31,1,1,1,1,1,1,2
11M1,M,11,1,0,0,1,0,0,1,1073
11M2,M,11,2,0,1,1,0,0,0,84
11M3,M,11,3,0,0,1,1,0,0,87
11M4,M,11,4,1,0,1,0,0,0,22
11M5,M,11,5,0,0,1,0,1,0,4
11M6,M,11,6,0,0,1,0,0,0,11
11M7,M,11,7,0,0,1,1,0,1,10
11M8,M,11,8,1,0,1,0,0,1,4
11M9,M,11,9,0,0,1,0,1,1,1
11M10,M,11,10,0,1,1,1,0,0,8
11M13,M,11,13,1,0,1,1,0,0,2
11M16,M,11,16,0,1,1,1,0,1,4
11M24,M,11,24,1,1,1,0,1,0,1
12M1,M,12,1,0,0,1,0,0,1,681
12M2,M,12,2,0,1,1,0,0,0,59
12M3,M,12,3,0,0,1,1,0,0,52
12M4,M,12,4,1,0,1,0,0,0,13
12M6,M,12,6,0,0,1,0,0,0,3
12M7,M,12,7,0,0,1,1,0,1,10
12M8,M,12,8,1,0,1,0,0,1,3
12M9,M,12,9,0,0,1,0,1,1,2
12M10,M,12,10,0,1,1,1,0,0,2
12M13,M,12,13,1,0,1,1,0,0,2
12M16,M,12,16,0,1,1,1,0,1,3
12M17,M,12,17,1,1,1,0,0,1,1
12M31,M,12,31,1,1,1,1,1,1,1
13M1,M,13,1,0,0,1,0,0,1,422
13M2,M,13,2,0,1,1,0,0,0,21
13M3,M,13,3,0,0,1,1,0,0,35
13M4,M,13,4,1,0,1,0,0,0,3
13M5,M,13,5,0,0,1,0,1,0,2
13M6,M,13,6,0,0,1,0,0,0,5
13M7,M,13,7,0,0,1,1,0,1,8
13M8,M,13,8,1,0,1,0,0,1,2
13M11,M,13,11,1,1,1,0,0,0,1
13M13,M,13,13,1,0,1,1,0,0,1
13M15,M,13,15,1,0,1,0,1,0,1
13M16,M,13,16,0,1,1,1,0,1,1
13M17,M,13,17,1,1,1,0,0,1,1
13M21,M,13,21,1,0,1,0,1,1,1
13M31,M,13,31,1,1,1,1,1,1,1
14M1,M,14,1,0,0,1,0,0,1,226
14M2,M,14,2,0,1,1,0,0,0,21
14M3,M,14,3,0,0,1,1,0,0,10
14M4,M,14,4,1,0,1,0,0,0,6
14M6,M,14,6,0,0,1,0,0,0,3
14M7,M,14,7,0,0,1,1,0,1,4
14M13,M,14,13,1,0,1,1,0,0,1
14M22,M,14,22,1,1,1,1,0,0,1
15M1,M,15,1,0,0,1,0,0,1,130
15M2,M,15,2,0,1,1,0,0,0,12
15M3,M,15,3,0,0,1,1,0,0,7
15M4,M,15,4,1,0,1,0,0,0,2
15M7,M,15,7,0,0,1,1,0,1,2
15M9,M,15,9,0,0,1,0,1,1,1
16M1,M,16,1,0,0,1,0,0,1,97
16M2,M,16,2,0,1,1,0,0,0,16
16M3,M,16,3,0,0,1,1,0,0,6
16M4,M,16,4,1,0,1,0,0,0,2
16M16,M,16,16,0,1,1,1,0,1,2
16M19,M,16,19,0,0,1,1,0,1,1
17M1,M,17,1,0,0,1,0,0,1,45
17M2,M,17,2,0,1,1,0,0,0,5
17M3,M,17,3,0,0,1,1,0,0,3
17M4,M,17,4,1,0,1,0,0,0,2
17M6,M,17,6,0,0,1,0,0,0,1
18M1,M,18,1,0,0,1,0,0,1,44
18M2,M,18,2,0,1,1,0,0,0,5
18M3,M,18,3,0,0,1,1,0,0,2
18M4,M,18,4,1,0,1,0,0,0,1
18M6,M,18,6,0,0,1,0,0,0,1
18M11,M,18,11,1,1,1,0,0,0,1
1F1,F,1,1,0,0,0,0,0,1,19133
1F2,F,1,2,0,1,0,0,0,0,7068
1F3,F,1,3,0,0,0,1,0,0,363
1F4,F,1,4,1,0,0,0,0,0,3099
1F5,F,1,5,0,0,0,0,1,0,12
1F6,F,1,6,0,0,0,0,0,0,1234
1F7,F,1,7,0,0,0,1,0,1,178
1F8,F,1,8,1,0,0,0,0,1,791
1F9,F,1,9,0,0,0,0,1,1,5
1F10,F,1,10,0,1,0,1,0,0,114
1F11,F,1,11,1,1,0,0,0,0,96
1F12,F,1,12,0,1,0,0,1,0,8
1F13,F,1,13,1,0,0,1,0,0,17
1F14,F,1,14,0,0,0,1,1,0,1
1F15,F,1,15,1,0,0,0,1,0,9
1F16,F,1,16,0,1,0,1,0,1,155
1F17,F,1,17,1,1,0,0,0,1,35
1F18,F,1,18,0,1,0,0,1,1,7
1F19,F,1,19,0,0,0,1,0,1,6
1F21,F,1,21,1,0,0,0,1,1,14
1F22,F,1,22,1,1,0,1,0,0,5
1F26,F,1,26,1,1,0,1,0,1,8
1F27,F,1,27,0,1,0,1,1,1,1
1F28,F,1,28,1,1,0,0,1,1,5
2F1,F,2,1,0,0,0,0,0,1,19536
2F2,F,2,2,0,1,0,0,0,0,6381
2F3,F,2,3,0,0,0,1,0,0,330
2F4,F,2,4,1,0,0,0,0,0,2871
2F5,F,2,5,0,0,0,0,1,0,13
2F6,F,2,6,0,0,0,0,0,0,1101
2F7,F,2,7,0,0,0,1,0,1,160
2F8,F,2,8,1,0,0,0,0,1,615
2F9,F,2,9,0,0,0,0,1,1,11
2F10,F,2,10,0,1,0,1,0,0,106
2F11,F,2,11,1,1,0,0,0,0,62
2F12,F,2,12,0,1,0,0,1,0,7
2F13,F,2,13,1,0,0,1,0,0,7
2F14,F,2,14,0,0,0,1,1,0,1
2F15,F,2,15,1,0,0,0,1,0,3
2F16,F,2,16,0,1,0,1,0,1,140
2F17,F,2,17,1,1,0,0,0,1,32
2F18,F,2,18,0,1,0,0,1,1,3
2F19,F,2,19,0,0,0,1,0,1,9
2F21,F,2,21,1,0,0,0,1,1,5
2F22,F,2,22,1,1,0,1,0,0,1
2F24,F,2,24,1,1,0,0,1,0,5
2F26,F,2,26,1,1,0,1,0,1,6
2F28,F,2,28,1,1,0,0,1,1,1
2F31,F,2,31,1,1,0,1,1,1,1
3F1,F,3,1,0,0,0,0,0,1,20151
3F2,F,3,2,0,1,0,0,0,0,5741
3F3,F,3,3,0,0,0,1,0,0,342
3F4,F,3,4,1,0,0,0,0,0,2656
3F5,F,3,5,0,0,0,0,1,0,15
3F6,F,3,6,0,0,0,0,0,0,970
3F7,F,3,7,0,0,0,1,0,1,151
3F8,F,3,8,1,0,0,0,0,1,380
3F9,F,3,9,0,0,0,0,1,1,14
3F10,F,3,10,0,1,0,1,0,0,82
3F11,F,3,11,1,1,0,0,0,0,61
3F12,F,3,12,0,1,0,0,1,0,6
3F13,F,3,13,1,0,0,1,0,0,4
3F14,F,3,14,0,0,0,1,1,0,1
3F15,F,3,15,1,0,0,0,1,0,6
3F16,F,3,16,0,1,0,1,0,1,113
3F17,F,3,17,1,1,0,0,0,1,25
3F18,F,3,18,0,1,0,0,1,1,2
3F19,F,3,19,0,0,0,1,0,1,3
3F21,F,3,21,1,0,0,0,1,1,2
3F22,F,3,22,1,1,0,1,0,0,1
3F24,F,3,24,1,1,0,0,1,0,1
3F26,F,3,26,1,1,0,1,0,1,5
3F27,F,3,27,0,1,0,1,1,1,1
3F28,F,3,28,1,1,0,0,1,1,1
3F31,F,3,31,1,1,0,1,1,1,1
4F1,F,4,1,0,0,0,0,0,1,21938
4F2,F,4,2,0,1,0,0,0,0,5943
4F3,F,4,3,0,0,0,1,0,0,424
4F4,F,4,4,1,0,0,0,0,0,2820
4F5,F,4,5,0,0,0,0,1,0,24
4F6,F,4,6,0,0,0,0,0,0,787
4F7,F,4,7,0,0,0,1,0,1,181
4F8,F,4,8,1,0,0,0,0,1,329
4F9,F,4,9,0,0,0,0,1,1,12
4F10,F,4,10,0,1,0,1,0,0,111
4F11,F,4,11,1,1,0,0,0,0,32
4F12,F,4,12,0,1,0,0,1,0,9
4F13,F,4,13,1,0,0,1,0,0,6
4F15,F,4,15,1,0,0,0,1,0,13
4F16,F,4,16,0,1,0,1,0,1,144
4F17,F,4,17,1,1,0,0,0,1,21
4F18,F,4,18,0,1,0,0,1,1,2
4F19,F,4,19,0,0,0,1,0,1,7
4F21,F,4,21,1,0,0,0,1,1,7
4F22,F,4,22,1,1,0,1,0,0,1
4F24,F,4,24,1,1,0,0,1,0,1
4F26,F,4,26,1,1,0,1,0,1,5
4F27,F,4,27,0,1,0,1,1,1,1
5F1,F,5,1,0,0,0,0,0,1,28118
5F2,F,5,2,0,1,0,0,0,0,5910
5F3,F,5,3,0,0,0,1,0,0,453
5F4,F,5,4,1,0,0,0,0,0,3578
5F5,F,5,5,0,0,0,0,1,0,31
5F6,F,5,6,0,0,0,0,0,0,570
5F7,F,5,7,0,0,0,1,0,1,207
5F8,F,5,8,1,0,0,0,0,1,300
5F9,F,5,9,0,0,0,0,1,1,14
5F10,F,5,10,0,1,0,1,0,0,88
5F11,F,5,11,1,1,0,0,0,0,23
5F12,F,5,12,0,1,0,0,1,0,11
5F13,F,5,13,1,0,0,1,0,0,14
5F14,F,5,14,0,0,0,1,1,0,1
5F15,F,5,15,1,0,0,0,1,0,12
5F16,F,5,16,0,1,0,1,0,1,107
5F17,F,5,17,1,1,0,0,0,1,11
5F18,F,5,18,0,1,0,0,1,1,2
5F19,F,5,19,0,0,0,1,0,1,10
5F20,F,5,20,0,0,0,1,1,1,1
5F21,F,5,21,1,0,0,0,1,1,12
5F22,F,5,22,1,1,0,1,0,0,2
5F26,F,5,26,1,1,0,1,0,1,5
5F31,F,5,31,1,1,0,1,1,1,2
6F1,F,6,1,0,0,0,0,0,1,34271
6F2,F,6,2,0,1,0,0,0,0,6370
6F3,F,6,3,0,0,0,1,0,0,436
6F4,F,6,4,1,0,0,0,0,0,4558
6F5,F,6,5,0,0,0,0,1,0,34
6F6,F,6,6,0,0,0,0,0,0,434
6F7,F,6,7,0,0,0,1,0,1,257
6F8,F,6,8,1,0,0,0,0,1,314
6F9,F,6,9,0,0,0,0,1,1,11
6F10,F,6,10,0,1,0,1,0,0,71
6F11,F,6,11,1,1,0,0,0,0,29
6F12,F,6,12,0,1,0,0,1,0,11
6F13,F,6,13,1,0,0,1,0,0,5
6F14,F,6,14,0,0,0,1,1,0,1
6F15,F,6,15,1,0,0,0,1,0,17
6F16,F,6,16,0,1,0,1,0,1,80
6F17,F,6,17,1,1,0,0,0,1,6
6F18,F,6,18,0,1,0,0,1,1,1
6F19,F,6,19,0,0,0,1,0,1,5
6F21,F,6,21,1,0,0,0,1,1,9
6F23,F,6,23,0,1,0,1,1,0,1
6F24,F,6,24,1,1,0,0,1,0,1
6F27,F,6,27,0,1,0,1,1,1,1
6F29,F,6,29,1,0,0,1,1,1,1
7F1,F,7,1,0,0,0,0,0,1,28158
7F2,F,7,2,0,1,0,0,0,0,5372
7F3,F,7,3,0,0,0,1,0,0,376
7F4,F,7,4,1,0,0,0,0,0,3770
7F5,F,7,5,0,0,0,0,1,0,20
7F6,F,7,6,0,0,0,0,0,0,322
7F7,F,7,7,0,0,0,1,0,1,196
7F8,F,7,8,1,0,0,0,0,1,250
7F9,F,7,9,0,0,0,0,1,1,14
7F10,F,7,10,0,1,0,1,0,0,60
7F11,F,7,11,1,1,0,0,0,0,21
7F12,F,7,12,0,1,0,0,1,0,9
7F13,F,7,13,1,0,0,1,0,0,11
7F15,F,7,15,1,0,0,0,1,0,13
7F16,F,7,16,0,1,0,1,0,1,66
7F17,F,7,17,1,1,0,0,0,1,9
7F18,F,7,18,0,1,0,0,1,1,1
7F19,F,7,19,0,0,0,1,0,1,3
7F21,F,7,21,1,0,0,0,1,1,6
7F22,F,7,22,1,1,0,1,0,0,1
7F23,F,7,23,0,1,0,1,1,0,2
7F24,F,7,24,1,1,0,0,1,0,2
7F26,F,7,26,1,1,0,1,0,1,2
7F27,F,7,27,0,1,0,1,1,1,1
8F1,F,8,1,0,0,0,0,0,1,25124
8F2,F,8,2,0,1,0,0,0,0,5021
8F3,F,8,3,0,0,0,1,0,0,308
8F4,F,8,4,1,0,0,0,0,0,3194
8F5,F,8,5,0,0,0,0,1,0,24
8F6,F,8,6,0,0,0,0,0,0,245
8F7,F,8,7,0,0,0,1,0,1,126
8F8,F,8,8,1,0,0,0,0,1,186
8F9,F,8,9,0,0,0,0,1,1,11
8F10,F,8,10,0,1,0,1,0,0,48
8F11,F,8,11,1,1,0,0,0,0,29
8F12,F,8,12,0,1,0,0,1,0,8
8F13,F,8,13,1,0,0,1,0,0,6
8F14,F,8,14,0,0,0,1,1,0,1
8F15,F,8,15,1,0,0,0,1,0,11
8F16,F,8,16,0,1,0,1,0,1,66
8F17,F,8,17,1,1,0,0,0,1,3
8F19,F,8,19,0,0,0,1,0,1,1
8F21,F,8,21,1,0,0,0,1,1,3
8F22,F,8,22,1,1,0,1,0,0,2
8F24,F,8,24,1,1,0,0,1,0,3
8F26,F,8,26,1,1,0,1,0,1,2
8F29,F,8,29,1,0,0,1,1,1,1
9F1,F,9,1,0,0,0,0,0,1,28843
9F2,F,9,2,0,1,0,0,0,0,4501
9F3,F,9,3,0,0,0,1,0,0,352
9F4,F,9,4,1,0,0,0,0,0,2388
9F5,F,9,5,0,0,0,0,1,0,17
9F6,F,9,6,0,0,0,0,0,0,157
9F7,F,9,7,0,0,0,1,0,1,149
9F8,F,9,8,1,0,0,0,0,1,108
9F9,F,9,9,0,0,0,0,1,1,5
9F10,F,9,10,0,1,0,1,0,0,50
9F11,F,9,11,1,1,0,0,0,0,19
9F12,F,9,12,0,1,0,0,1,0,4
9F13,F,9,13,1,0,0,1,0,0,2
9F14,F,9,14,0,0,0,1,1,0,2
9F15,F,9,15,1,0,0,0,1,0,12
9F16,F,9,16,0,1,0,1,0,1,55
9F17,F,9,17,1,1,0,0,0,1,5
9F19,F,9,19,0,0,0,1,0,1,2
9F20,F,9,20,0,0,0,1,1,1,1
9F21,F,9,21,1,0,0,0,1,1,5
9F26,F,9,26,1,1,0,1,0,1,1
9F31,F,9,31,1,1,0,1,1,1,1
10F1,F,10,1,0,0,0,0,0,1,34513
10F2,F,10,2,0,1,0,0,0,0,4144
10F3,F,10,3,0,0,0,1,0,0,360
10F4,F,10,4,1,0,0,0,0,0,1895
10F5,F,10,5,0,0,0,0,1,0,20
10F6,F,10,6,0,0,0,0,0,0,80
10F7,F,10,7,0,0,0,1,0,1,133
10F8,F,10,8,1,0,0,0,0,1,90
10F9,F,10,9,0,0,0,0,1,1,3
10F10,F,10,10,0,1,0,1,0,0,57
10F11,F,10,11,1,1,0,0,0,0,7
10F12,F,10,12,0,1,0,0,1,0,4
10F13,F,10,13,1,0,0,1,0,0,2
10F15,F,10,15,1,0,0,0,1,0,9
10F16,F,10,16,0,1,0,1,0,1,38
10F19,F,10,19,0,0,0,1,0,1,1
10F21,F,10,21,1,0,0,0,1,1,3
10F23,F,10,23,0,1,0,1,1,0,1
10F24,F,10,24,1,1,0,0,1,0,1
10F26,F,10,26,1,1,0,1,0,1,2
11F1,F,11,1,0,0,0,0,0,1,36069
11F2,F,11,2,0,1,0,0,0,0,3589
11F3,F,11,3,0,0,0,1,0,0,337
11F4,F,11,4,1,0,0,0,0,0,1655
11F5,F,11,5,0,0,0,0,1,0,23
11F6,F,11,6,0,0,0,0,0,0,62
11F7,F,11,7,0,0,0,1,0,1,145
11F8,F,11,8,1,0,0,0,0,1,78
11F9,F,11,9,0,0,0,0,1,1,6
11F10,F,11,10,0,1,0,1,0,0,44
11F11,F,11,11,1,1,0,0,0,0,9
11F12,F,11,12,0,1,0,0,1,0,5
11F13,F,11,13,1,0,0,1,0,0,1
11F14,F,11,14,0,0,0,1,1,0,2
11F15,F,11,15,1,0,0,0,1,0,6
11F16,F,11,16,0,1,0,1,0,1,36
11F17,F,11,17,1,1,0,0,0,1,4
11F19,F,11,19,0,0,0,1,0,1,1
11F21,F,11,21,1,0,0,0,1,1,1
11F26,F,11,26,1,1,0,1,0,1,1
11F29,F,11,29,1,0,0,1,1,1,1
12F1,F,12,1,0,0,0,0,0,1,33070
12F2,F,12,2,0,1,0,0,0,0,2698
12F3,F,12,3,0,0,0,1,0,0,237
12F4,F,12,4,1,0,0,0,0,0,1338
12F5,F,12,5,0,0,0,0,1,0,10
12F6,F,12,6,0,0,0,0,0,0,32
12F7,F,12,7,0,0,0,1,0,1,115
12F8,F,12,8,1,0,0,0,0,1,37
12F9,F,12,9,0,0,0,0,1,1,4
12F10,F,12,10,0,1,0,1,0,0,25
12F11,F,12,11,1,1,0,0,0,0,8
12F12,F,12,12,0,1,0,0,1,0,5
12F13,F,12,13,1,0,0,1,0,0,3
12F15,F,12,15,1,0,0,0,1,0,10
12F16,F,12,16,0,1,0,1,0,1,26
12F17,F,12,17,1,1,0,0,0,1,3
12F19,F,12,19,0,0,0,1,0,1,3
12F20,F,12,20,0,0,0,1,1,1,1
12F21,F,12,21,1,0,0,0,1,1,1
12F24,F,12,24,1,1,0,0,1,0,1
12F26,F,12,26,1,1,0,1,0,1,2
13F1,F,13,1,0,0,0,0,0,1,26785
13F2,F,13,2,0,1,0,0,0,0,1977
13F3,F,13,3,0,0,0,1,0,0,195
13F4,F,13,4,1,0,0,0,0,0,1057
13F5,F,13,5,0,0,0,0,1,0,6
13F6,F,13,6,0,0,0,0,0,0,22
13F7,F,13,7,0,0,0,1,0,1,80
13F8,F,13,8,1,0,0,0,0,1,30
13F9,F,13,9,0,0,0,0,1,1,3
13F10,F,13,10,0,1,0,1,0,0,20
13F11,F,13,11,1,1,0,0,0,0,8
13F12,F,13,12,0,1,0,0,1,0,2
13F13,F,13,13,1,0,0,1,0,0,3
13F14,F,13,14,0,0,0,1,1,0,1
13F15,F,13,15,1,0,0,0,1,0,5
13F16,F,13,16,0,1,0,1,0,1,25
13F17,F,13,17,1,1,0,0,0,1,1
13F21,F,13,21,1,0,0,0,1,1,1
13F26,F,13,26,1,1,0,1,0,1,1
14F1,F,14,1,0,0,0,0,0,1,18124
14F2,F,14,2,0,1,0,0,0,0,1349
14F3,F,14,3,0,0,0,1,0,0,109
14F4,F,14,4,1,0,0,0,0,0,680
14F5,F,14,5,0,0,0,0,1,0,4
14F6,F,14,6,0,0,0,0,0,0,12
14F7,F,14,7,0,0,0,1,0,1,45
14F8,F,14,8,1,0,0,0,0,1,25
14F9,F,14,9,0,0,0,0,1,1,1
14F10,F,14,10,0,1,0,1,0,0,11
14F11,F,14,11,1,1,0,0,0,0,4
14F12,F,14,12,0,1,0,0,1,0,2
14F15,F,14,15,1,0,0,0,1,0,7
14F16,F,14,16,0,1,0,1,0,1,8
14F17,F,14,17,1,1,0,0,0,1,2
14F24,F,14,24,1,1,0,0,1,0,1
14F26,F,14,26,1,1,0,1,0,1,1
15F1,F,15,1,0,0,0,0,0,1,13654
15F2,F,15,2,0,1,0,0,0,0,946
15F3,F,15,3,0,0,0,1,0,0,74
15F4,F,15,4,1,0,0,0,0,0,496
15F5,F,15,5,0,0,0,0,1,0,4
15F6,F,15,6,0,0,0,0,0,0,6
15F7,F,15,7,0,0,0,1,0,1,29
15F8,F,15,8,1,0,0,0,0,1,12
15F10,F,15,10,0,1,0,1,0,0,11
15F11,F,15,11,1,1,0,0,0,0,5
15F12,F,15,12,0,1,0,0,1,0,3
15F13,F,15,13,1,0,0,1,0,0,2
15F15,F,15,15,1,0,0,0,1,0,3
15F16,F,15,16,0,1,0,1,0,1,4
15F24,F,15,24,1,1,0,0,1,0,1
16F1,F,16,1,0,0,0,0,0,1,11700
16F2,F,16,2,0,1,0,0,0,0,629
16F3,F,16,3,0,0,0,1,0,0,59
16F4,F,16,4,1,0,0,0,0,0,396
16F5,F,16,5,0,0,0,0,1,0,2
16F6,F,16,6,0,0,0,0,0,0,8
16F7,F,16,7,0,0,0,1,0,1,22
16F8,F,16,8,1,0,0,0,0,1,7
16F9,F,16,9,0,0,0,0,1,1,1
16F10,F,16,10,0,1,0,1,0,0,4
16F11,F,16,11,1,1,0,0,0,0,3
16F12,F,16,12,0,1,0,0,1,0,2
16F13,F,16,13,1,0,0,1,0,0,1
16F15,F,16,15,1,0,0,0,1,0,1
16F16,F,16,16,0,1,0,1,0,1,8
17F1,F,17,1,0,0,0,0,0,1,11289
17F2,F,17,2,0,1,0,0,0,0,387
17F3,F,17,3,0,0,0,1,0,0,26
17F4,F,17,4,1,0,0,0,0,0,236
17F5,F,17,5,0,0,0,0,1,0,1
17F6,F,17,6,0,0,0,0,0,0,5
17F7,F,17,7,0,0,0,1,0,1,15
17F8,F,17,8,1,0,0,0,0,1,7
17F9,F,17,9,0,0,0,0,1,1,2
17F10,F,17,10,0,1,0,1,0,0,3
17F11,F,17,11,1,1,0,0,0,0,1
17F16,F,17,16,0,1,0,1,0,1,7
18F1,F,18,1,0,0,0,0,0,1,14028
18F2,F,18,2,0,1,0,0,0,0,323
18F3,F,18,3,0,0,0,1,0,0,21
18F4,F,18,4,1,0,0,0,0,0,230
18F6,F,18,6,0,0,0,0,0,0,19
18F7,F,18,7,0,0,0,1,0,1,11
18F8,F,18,8,1,0,0,0,0,1,7
18F10,F,18,10,0,1,0,1,0,0,5
18F12,F,18,12,0,1,0,0,1,0,1
18F13,F,18,13,1,0,0,1,0,0,1
18F15,F,18,15,1,0,0,0,1,0,2
18F16,F,18,16,0,1,0,1,0,1,4
18F20,F,18,20,0,0,0,1,1,1,1
1F1,F,1,1,0,0,1,0,0,1,4002
1F2,F,1,2,0,1,1,0,0,0,269
1F3,F,1,3,0,0,1,1,0,0,353
1F4,F,1,4,1,0,1,0,0,0,50
1F5,F,1,5,0,0,1,0,1,0,20
1F6,F,1,6,0,0,1,0,0,0,145
1F7,F,1,7,0,0,1,1,0,1,97
1F8,F,1,8,1,0,1,0,0,1,43
1F9,F,1,9,0,0,1,0,1,1,1
1F10,F,1,10,0,1,1,1,0,0,27
1F11,F,1,11,1,1,1,0,0,0,5
1F13,F,1,13,1,0,1,1,0,0,1
1F14,F,1,14,0,0,1,1,1,0,1
1F16,F,1,16,0,1,1,1,0,1,50
1F17,F,1,17,1,1,1,0,0,1,4
1F18,F,1,18,0,1,1,0,1,1,1
1F19,F,1,19,0,0,1,1,0,1,4
1F20,F,1,20,0,0,1,1,1,1,1
1F21,F,1,21,1,0,1,0,1,1,1
1F22,F,1,22,1,1,1,1,0,0,1
1F26,F,1,26,1,1,1,1,0,1,3
1F27,F,1,27,0,1,1,1,1,1,3
1F29,F,1,29,1,0,1,1,1,1,1
2F1,F,2,1,0,0,1,0,0,1,3380
2F2,F,2,2,0,1,1,0,0,0,249
2F3,F,2,3,0,0,1,1,0,0,306
2F4,F,2,4,1,0,1,0,0,0,40
2F5,F,2,5,0,0,1,0,1,0,16
2F6,F,2,6,0,0,1,0,0,0,90
2F7,F,2,7,0,0,1,1,0,1,94
2F8,F,2,8,1,0,1,0,0,1,21
2F9,F,2,9,0,0,1,0,1,1,2
2F10,F,2,10,0,1,1,1,0,0,17
2F11,F,2,11,1,1,1,0,0,0,3
2F12,F,2,12,0,1,1,0,1,0,4
2F13,F,2,13,1,0,1,1,0,0,2
2F14,F,2,14,0,0,1,1,1,0,1
2F15,F,2,15,1,0,1,0,1,0,2
2F16,F,2,16,0,1,1,1,0,1,35
2F17,F,2,17,1,1,1,0,0,1,1
2F19,F,2,19,0,0,1,1,0,1,2
2F21,F,2,21,1,0,1,0,1,1,1
2F22,F,2,22,1,1,1,1,0,0,1
2F23,F,2,23,0,1,1,1,1,0,1
2F26,F,2,26,1,1,1,1,0,1,2
2F27,F,2,27,0,1,1,1,1,1,1
3F1,F,3,1,0,0,1,0,0,1,2521
3F2,F,3,2,0,1,1,0,0,0,188
3F3,F,3,3,0,0,1,1,0,0,247
3F4,F,3,4,1,0,1,0,0,0,33
3F5,F,3,5,0,0,1,0,1,0,10
3F6,F,3,6,0,0,1,0,0,0,85
3F7,F,3,7,0,0,1,1,0,1,50
3F8,F,3,8,1,0,1,0,0,1,18
3F9,F,3,9,0,0,1,0,1,1,4
3F10,F,3,10,0,1,1,1,0,0,13
3F11,F,3,11,1,1,1,0,0,0,1
3F13,F,3,13,1,0,1,1,0,0,5
3F16,F,3,16,0,1,1,1,0,1,32
3F17,F,3,17,1,1,1,0,0,1,4
3F20,F,3,20,0,0,1,1,1,1,1
3F21,F,3,21,1,0,1,0,1,1,1
3F26,F,3,26,1,1,1,1,0,1,2
3F27,F,3,27,0,1,1,1,1,1,1
3F31,F,3,31,1,1,1,1,1,1,1
4F1,F,4,1,0,0,1,0,0,1,2251
4F2,F,4,2,0,1,1,0,0,0,168
4F3,F,4,3,0,0,1,1,0,0,200
4F4,F,4,4,1,0,1,0,0,0,40
4F5,F,4,5,0,0,1,0,1,0,20
4F6,F,4,6,0,0,1,0,0,0,77
4F7,F,4,7,0,0,1,1,0,1,52
4F8,F,4,8,1,0,1,0,0,1,17
4F9,F,4,9,0,0,1,0,1,1,2
4F10,F,4,10,0,1,1,1,0,0,10
4F13,F,4,13,1,0,1,1,0,0,3
4F15,F,4,15,1,0,1,0,1,0,1
4F16,F,4,16,0,1,1,1,0,1,19
4F17,F,4,17,1,1,1,0,0,1,1
4F21,F,4,21,1,0,1,0,1,1,2
4F26,F,4,26,1,1,1,1,0,1,2
4F27,F,4,27,0,1,1,1,1,1,1
4F29,F,4,29,1,0,1,1,1,1,1
5F1,F,5,1,0,0,1,0,0,1,2448
5F2,F,5,2,0,1,1,0,0,0,200
5F3,F,5,3,0,0,1,1,0,0,181
5F4,F,5,4,1,0,1,0,0,0,35
5F5,F,5,5,0,0,1,0,1,0,15
5F6,F,5,6,0,0,1,0,0,0,53
5F7,F,5,7,0,0,1,1,0,1,63
5F8,F,5,8,1,0,1,0,0,1,18
5F10,F,5,10,0,1,1,1,0,0,7
5F11,F,5,11,1,1,1,0,0,0,2
5F13,F,5,13,1,0,1,1,0,0,1
5F16,F,5,16,0,1,1,1,0,1,23
5F17,F,5,17,1,1,1,0,0,1,5
5F21,F,5,21,1,0,1,0,1,1,1
5F26,F,5,26,1,1,1,1,0,1,1
5F27,F,5,27,0,1,1,1,1,1,1
5F30,F,5,30,1,1,1,1,1,0,1
6F1,F,6,1,0,0,1,0,0,1,3284
6F2,F,6,2,0,1,1,0,0,0,210
6F3,F,6,3,0,0,1,1,0,0,243
6F4,F,6,4,1,0,1,0,0,0,41
6F5,F,6,5,0,0,1,0,1,0,15
6F6,F,6,6,0,0,1,0,0,0,60
6F7,F,6,7,0,0,1,1,0,1,67
6F8,F,6,8,1,0,1,0,0,1,12
6F9,F,6,9,0,0,1,0,1,1,4
6F10,F,6,10,0,1,1,1,0,0,9
6F11,F,6,11,1,1,1,0,0,0,2
6F12,F,6,12,0,1,1,0,1,0,3
6F13,F,6,13,1,0,1,1,0,0,1
6F14,F,6,14,0,0,1,1,1,0,1
6F15,F,6,15,1,0,1,0,1,0,1
6F16,F,6,16,0,1,1,1,0,1,27
6F17,F,6,17,1,1,1,0,0,1,4
6F19,F,6,19,0,0,1,1,0,1,1
6F31,F,6,31,1,1,1,1,1,1,1
7F1,F,7,1,0,0,1,0,0,1,3302
7F2,F,7,2,0,1,1,0,0,0,179
7F3,F,7,3,0,0,1,1,0,0,258
7F4,F,7,4,1,0,1,0,0,0,41
7F5,F,7,5,0,0,1,0,1,0,12
7F6,F,7,6,0,0,1,0,0,0,58
7F7,F,7,7,0,0,1,1,0,1,72
7F8,F,7,8,1,0,1,0,0,1,17
7F9,F,7,9,0,0,1,0,1,1,1
7F10,F,7,10,0,1,1,1,0,0,9
7F11,F,7,11,1,1,1,0,0,0,3
7F13,F,7,13,1,0,1,1,0,0,1
7F15,F,7,15,1,0,1,0,1,0,2
7F16,F,7,16,0,1,1,1,0,1,16
7F17,F,7,17,1,1,1,0,0,1,1
7F20,F,7,20,0,0,1,1,1,1,1
7F21,F,7,21,1,0,1,0,1,1,2
7F23,F,7,23,0,1,1,1,1,0,1
7F28,F,7,28,1,1,1,0,1,1,1
7F31,F,7,31,1,1,1,1,1,1,1
8F1,F,8,1,0,0,1,0,0,1,2529
8F2,F,8,2,0,1,1,0,0,0,175
8F3,F,8,3,0,0,1,1,0,0,159
8F4,F,8,4,1,0,1,0,0,0,30
8F5,F,8,5,0,0,1,0,1,0,18
8F6,F,8,6,0,0,1,0,0,0,57
8F7,F,8,7,0,0,1,1,0,1,44
8F8,F,8,8,1,0,1,0,0,1,11
8F9,F,8,9,0,0,1,0,1,1,1
8F10,F,8,10,0,1,1,1,0,0,7
8F11,F,8,11,1,1,1,0,0,0,1
8F13,F,8,13,1,0,1,1,0,0,3
8F15,F,8,15,1,0,1,0,1,0,1
8F16,F,8,16,0,1,1,1,0,1,13
8F17,F,8,17,1,1,1,0,0,1,1
8F20,F,8,20,0,0,1,1,1,1,1
8F21,F,8,21,1,0,1,0,1,1,2
8F26,F,8,26,1,1,1,1,0,1,2
9F1,F,9,1,0,0,1,0,0,1,1873
9F2,F,9,2,0,1,1,0,0,0,115
9F3,F,9,3,0,0,1,1,0,0,109
9F4,F,9,4,1,0,1,0,0,0,26
9F5,F,9,5,0,0,1,0,1,0,15
9F6,F,9,6,0,0,1,0,0,0,19
9F7,F,9,7,0,0,1,1,0,1,19
9F8,F,9,8,1,0,1,0,0,1,9
9F9,F,9,9,0,0,1,0,1,1,2
9F10,F,9,10,0,1,1,1,0,0,5
9F11,F,9,11,1,1,1,0,0,0,2
9F13,F,9,13,1,0,1,1,0,0,1
9F16,F,9,16,0,1,1,1,0,1,8
9F17,F,9,17,1,1,1,0,0,1,1
9F19,F,9,19,0,0,1,1,0,1,1
9F29,F,9,29,1,0,1,1,1,1,1
9F31,F,9,31,1,1,1,1,1,1,1
10F1,F,10,1,0,0,1,0,0,1,1291
10F2,F,10,2,0,1,1,0,0,0,89
10F3,F,10,3,0,0,1,1,0,0,77
10F4,F,10,4,1,0,1,0,0,0,15
10F5,F,10,5,0,0,1,0,1,0,3
10F6,F,10,6,0,0,1,0,0,0,15
10F7,F,10,7,0,0,1,1,0,1,16
10F8,F,10,8,1,0,1,0,0,1,5
10F10,F,10,10,0,1,1,1,0,0,6
10F11,F,10,11,1,1,1,0,0,0,1
10F16,F,10,16,0,1,1,1,0,1,5
10F17,F,10,17,1,1,1,0,0,1,1
11F1,F,11,1,0,0,1,0,0,1,925
11F2,F,11,2,0,1,1,0,0,0,54
11F3,F,11,3,0,0,1,1,0,0,46
11F4,F,11,4,1,0,1,0,0,0,13
11F5,F,11,5,0,0,1,0,1,0,4
11F6,F,11,6,0,0,1,0,0,0,9
11F7,F,11,7,0,0,1,1,0,1,12
11F8,F,11,8,1,0,1,0,0,1,8
11F9,F,11,9,0,0,1,0,1,1,1
11F10,F,11,10,0,1,1,1,0,0,1
11F13,F,11,13,1,0,1,1,0,0,3
11F16,F,11,16,0,1,1,1,0,1,7
11F27,F,11,27,0,1,1,1,1,1,1
12F1,F,12,1,0,0,1,0,0,1,624
12F2,F,12,2,0,1,1,0,0,0,38
12F3,F,12,3,0,0,1,1,0,0,35
12F4,F,12,4,1,0,1,0,0,0,15
12F5,F,12,5,0,0,1,0,1,0,2
12F6,F,12,6,0,0,1,0,0,0,6
12F7,F,12,7,0,0,1,1,0,1,7
12F8,F,12,8,1,0,1,0,0,1,3
12F9,F,12,9,0,0,1,0,1,1,1
12F16,F,12,16,0,1,1,1,0,1,6
12F19,F,12,19,0,0,1,1,0,1,2
13F1,F,13,1,0,0,1,0,0,1,409
13F2,F,13,2,0,1,1,0,0,0,30
13F3,F,13,3,0,0,1,1,0,0,22
13F4,F,13,4,1,0,1,0,0,0,8
13F6,F,13,6,0,0,1,0,0,0,7
13F7,F,13,7,0,0,1,1,0,1,11
13F8,F,13,8,1,0,1,0,0,1,1
13F10,F,13,10,0,1,1,1,0,0,2
13F11,F,13,11,1,1,1,0,0,0,2
13F16,F,13,16,0,1,1,1,0,1,1
13F21,F,13,21,1,0,1,0,1,1,1
13F31,F,13,31,1,1,1,1,1,1,1
14F1,F,14,1,0,0,1,0,0,1,248
14F2,F,14,2,0,1,1,0,0,0,15
14F3,F,14,3,0,0,1,1,0,0,13
14F4,F,14,4,1,0,1,0,0,0,5
14F6,F,14,6,0,0,1,0,0,0,1
14F7,F,14,7,0,0,1,1,0,1,3
14F9,F,14,9,0,0,1,0,1,1,1
14F16,F,14,16,0,1,1,1,0,1,2
14F26,F,14,26,1,1,1,1,0,1,1
15F1,F,15,1,0,0,1,0,0,1,156
15F2,F,15,2,0,1,1,0,0,0,11
15F3,F,15,3,0,0,1,1,0,0,12
15F4,F,15,4,1,0,1,0,0,0,2
15F5,F,15,5,0,0,1,0,1,0,2
15F7,F,15,7,0,0,1,1,0,1,3
15F9,F,15,9,0,0,1,0,1,1,2
15F12,F,15,12,0,1,1,0,1,0,1
15F16,F,15,16,0,1,1,1,0,1,1
16F1,F,16,1,0,0,1,0,0,1,115
16F2,F,16,2,0,1,1,0,0,0,4
16F3,F,16,3,0,0,1,1,0,0,4
16F4,F,16,4,1,0,1,0,0,0,4
16F6,F,16,6,0,0,1,0,0,0,1
16F7,F,16,7,0,0,1,1,0,1,1
16F30,F,16,30,1,1,1,1,1,0,1
17F1,F,17,1,0,0,1,0,0,1,70
17F2,F,17,2,0,1,1,0,0,0,4
17F3,F,17,3,0,0,1,1,0,0,3
17F4,F,17,4,1,0,1,0,0,0,3
17F31,F,17,31,1,1,1,1,1,1,1
18F1,F,18,1,0,0,1,0,0,1,66
18F2,F,18,2,0,1,1,0,0,0,3
18F3,F,18,3,0,0,1,1,0,0,1
18F4,F,18,4,1,0,1,0,0,0,1
18F6,F,18,6,0,0,1,0,0,0,2
18F8,F,18,8,1,0,1,0,0,1,1
